order_id,strategy_id,account_id,symbol,side,type,qty,price,status,filled_qty,remaining_qty,avg_fill_price,created_at,updated_at,broker_order_id,reject_reason
O-1,etf_regime_rotation_510300_510500_v1,backtest,510500.SH,BUY,LIMIT,13700.0,5.835,FILLED,13700.0,0.0,5.835,2020-04-23T09:31:00+08:00,2020-04-23T15:00:00+08:00,,
O-2,etf_regime_rotation_510300_510500_v1,backtest,510500.SH,SELL,LIMIT,13700.0,5.782,FILLED,13700.0,0.0,5.782,2020-04-24T09:31:00+08:00,2020-04-24T15:00:00+08:00,,
O-3,etf_regime_rotation_510300_510500_v1,backtest,510300.SH,BUY,LIMIT,20300.0,3.865,FILLED,20300.0,0.0,3.865,2020-05-06T09:31:00+08:00,2020-05-06T15:00:00+08:00,,
O-4,etf_regime_rotation_510300_510500_v1,backtest,510300.SH,SELL,LIMIT,20300.0,3.901,FILLED,20300.0,0.0,3.901,2020-05-18T09:31:00+08:00,2020-05-18T15:00:00+08:00,,
O-5,etf_regime_rotation_510300_510500_v1,backtest,510500.SH,BUY,LIMIT,13300.0,5.996,FILLED,13300.0,0.0,5.996,2020-05-20T09:31:00+08:00,2020-05-20T15:00:00+08:00,,
O-6,etf_regime_rotation_510300_510500_v1,backtest,510500.SH,SELL,LIMIT,13300.0,5.782,FILLED,13300.0,0.0,5.782,2020-05-25T09:31:00+08:00,2020-05-25T15:00:00+08:00,,
O-7,etf_regime_rotation_510300_510500_v1,backtest,510500.SH,BUY,LIMIT,13200.0,5.874,FILLED,13200.0,0.0,5.874,2020-05-27T09:31:00+08:00,2020-05-27T15:00:00+08:00,,
O-8,etf_regime_rotation_510300_510500_v1,backtest,510500.SH,SELL,LIMIT,13200.0,6.422,FILLED,13200.0,0.0,6.422,2020-07-02T09:31:00+08:00,2020-07-02T15:00:00+08:00,,
O-9,etf_regime_rotation_510300_510500_v1,backtest,510300.SH,BUY,LIMIT,18700.0,4.527,FILLED,18700.0,0.0,4.527,2020-07-06T09:31:00+08:00,2020-07-06T15:00:00+08:00,,
O-10,etf_regime_rotation_510300_510500_v1,backtest,510300.SH,SELL,LIMIT,18700.0,4.71,FILLED,18700.0,0.0,4.71,2020-07-31T09:31:00+08:00,2020-07-31T15:00:00+08:00,,
O-11,etf_regime_rotation_510300_510500_v1,backtest,510500.SH,BUY,LIMIT,11600.0,7.401,FILLED,11600.0,0.0,7.401,2020-08-04T09:31:00+08:00,2020-08-04T15:00:00+08:00,,
O-12,etf_regime_rotation_510300_510500_v1,backtest,510500.SH,SELL,LIMIT,11600.0,7.387,FILLED,11600.0,0.0,7.387,2020-08-31T09:31:00+08:00,2020-08-31T15:00:00+08:00,,
O-13,etf_regime_rotation_510300_510500_v1,backtest,510300.SH,BUY,LIMIT,17500.0,4.919,FILLED,17500.0,0.0,4.919,2020-09-02T09:31:00+08:00,2020-09-02T15:00:00+08:00,,
O-14,etf_regime_rotation_510300_510500_v1,backtest,510300.SH,SELL,LIMIT,17500.0,4.684,FILLED,17500.0,0.0,4.684,2020-09-10T09:31:00+08:00,2020-09-10T15:00:00+08:00,,
O-15,etf_regime_rotation_510300_510500_v1,backtest,510300.SH,BUY,LIMIT,17600.0,4.707,FILLED,17600.0,0.0,4.707,2020-09-14T09:31:00+08:00,2020-09-14T15:00:00+08:00,,
O-16,etf_regime_rotation_510300_510500_v1,backtest,510300.SH,SELL,LIMIT,17600.0,4.695,FILLED,17600.0,0.0,4.695,2020-09-18T09:31:00+08:00,2020-09-18T15:00:00+08:00,,
O-17,etf_regime_rotation_510300_510500_v1,backtest,510300.SH,BUY,LIMIT,17100.0,4.815,FILLED,17100.0,0.0,4.815,2020-09-21T09:31:00+08:00,2020-09-21T15:00:00+08:00,,
O-18,etf_regime_rotation_510300_510500_v1,backtest,510300.SH,SELL,LIMIT,17100.0,4.703,FILLED,17100.0,0.0,4.703,2020-09-23T09:31:00+08:00,2020-09-23T15:00:00+08:00,,
O-19,etf_regime_rotation_510300_510500_v1,backtest,510300.SH,BUY,LIMIT,16500.0,4.888,FILLED,16500.0,0.0,4.888,2020-10-13T09:31:00+08:00,2020-10-13T15:00:00+08:00,,
O-20,etf_regime_rotation_510300_510500_v1,backtest,510300.SH,SELL,LIMIT,16500.0,4.737,FILLED,16500.0,0.0,4.737,2020-10-27T09:31:00+08:00,2020-10-27T15:00:00+08:00,,
O-21,etf_regime_rotation_510300_510500_v1,backtest,510300.SH,BUY,LIMIT,16400.0,4.759,FILLED,16400.0,0.0,4.759,2020-10-29T09:31:00+08:00,2020-10-29T15:00:00+08:00,,
O-22,etf_regime_rotation_510300_510500_v1,backtest,510300.SH,SELL,LIMIT,16400.0,4.759,FILLED,16400.0,0.0,4.759,2020-11-02T09:31:00+08:00,2020-11-02T15:00:00+08:00,,
O-23,etf_regime_rotation_510300_510500_v1,backtest,510300.SH,BUY,LIMIT,16400.0,4.8,FILLED,16400.0,0.0,4.8,2020-11-03T09:31:00+08:00,2020-11-03T15:00:00+08:00,,
O-24,etf_regime_rotation_510300_510500_v1,backtest,510300.SH,SELL,LIMIT,16400.0,5.481,FILLED,16400.0,0.0,5.481,2021-02-25T09:31:00+08:00,2021-02-25T15:00:00+08:00,,
O-25,etf_regime_rotation_510300_510500_v1,backtest,510500.SH,BUY,LIMIT,12400.0,7.08,FILLED,12400.0,0.0,7.08,2021-03-01T09:31:00+08:00,2021-03-01T15:00:00+08:00,,
O-26,etf_regime_rotation_510300_510500_v1,backtest,510500.SH,SELL,LIMIT,12400.0,7.034,FILLED,12400.0,0.0,7.034,2021-03-05T09:31:00+08:00,2021-03-05T15:00:00+08:00,,
O-27,etf_regime_rotation_510300_510500_v1,backtest,510500.SH,BUY,LIMIT,12200.0,7.109,FILLED,12200.0,0.0,7.109,2021-04-20T09:31:00+08:00,2021-04-20T15:00:00+08:00,,
O-28,etf_regime_rotation_510300_510500_v1,backtest,510500.SH,SELL,LIMIT,12200.0,7.363,FILLED,12200.0,0.0,7.363,2021-05-26T09:31:00+08:00,2021-05-26T15:00:00+08:00,,
O-29,etf_regime_rotation_510300_510500_v1,backtest,510300.SH,BUY,LIMIT,16700.0,5.346,FILLED,16700.0,0.0,5.346,2021-05-28T09:31:00+08:00,2021-05-28T15:00:00+08:00,,
O-30,etf_regime_rotation_510300_510500_v1,backtest,510300.SH,SELL,LIMIT,16700.0,5.24,FILLED,16700.0,0.0,5.24,2021-06-15T09:31:00+08:00,2021-06-15T15:00:00+08:00,,
O-31,etf_regime_rotation_510300_510500_v1,backtest,510500.SH,BUY,LIMIT,12000.0,7.313,FILLED,12000.0,0.0,7.313,2021-06-17T09:31:00+08:00,2021-06-17T15:00:00+08:00,,
O-32,etf_regime_rotation_510300_510500_v1,backtest,510500.SH,SELL,LIMIT,12000.0,7.55,FILLED,12000.0,0.0,7.55,2021-07-29T09:31:00+08:00,2021-07-29T15:00:00+08:00,,
O-33,etf_regime_rotation_510300_510500_v1,backtest,510500.SH,BUY,LIMIT,11900.0,7.542,FILLED,11900.0,0.0,7.542,2021-07-30T09:31:00+08:00,2021-07-30T15:00:00+08:00,,
O-34,etf_regime_rotation_510300_510500_v1,backtest,510500.SH,SELL,LIMIT,11900.0,7.905,FILLED,11900.0,0.0,7.905,2021-09-30T09:31:00+08:00,2021-09-30T15:00:00+08:00,,
O-35,etf_regime_rotation_510300_510500_v1,backtest,510500.SH,BUY,LIMIT,11700.0,8.048,FILLED,11700.0,0.0,8.048,2021-10-08T09:31:00+08:00,2021-10-08T15:00:00+08:00,,
O-36,etf_regime_rotation_510300_510500_v1,backtest,510500.SH,SELL,LIMIT,11700.0,7.95,FILLED,11700.0,0.0,7.95,2021-10-11T09:31:00+08:00,2021-10-11T15:00:00+08:00,,
O-37,etf_regime_rotation_510300_510500_v1,backtest,510300.SH,BUY,LIMIT,18500.0,5.003,FILLED,18500.0,0.0,5.003,2021-10-14T09:31:00+08:00,2021-10-14T15:00:00+08:00,,
O-38,etf_regime_rotation_510300_510500_v1,backtest,510300.SH,SELL,LIMIT,18500.0,4.979,FILLED,18500.0,0.0,4.979,2021-10-15T09:31:00+08:00,2021-10-15T15:00:00+08:00,,
O-39,etf_regime_rotation_510300_510500_v1,backtest,510300.SH,BUY,LIMIT,18400.0,5.003,FILLED,18400.0,0.0,5.003,2021-10-18T09:31:00+08:00,2021-10-18T15:00:00+08:00,,
O-40,etf_regime_rotation_510300_510500_v1,backtest,510300.SH,SELL,LIMIT,18400.0,4.94,FILLED,18400.0,0.0,4.94,2021-10-19T09:31:00+08:00,2021-10-19T15:00:00+08:00,,
O-41,etf_regime_rotation_510300_510500_v1,backtest,510300.SH,BUY,LIMIT,18300.0,5.0,FILLED,18300.0,0.0,5.0,2021-10-20T09:31:00+08:00,2021-10-20T15:00:00+08:00,,
O-42,etf_regime_rotation_510300_510500_v1,backtest,510300.SH,SELL,LIMIT,18300.0,4.946,FILLED,18300.0,0.0,4.946,2021-10-29T09:31:00+08:00,2021-10-29T15:00:00+08:00,,
O-43,etf_regime_rotation_510300_510500_v1,backtest,510300.SH,BUY,LIMIT,18200.0,4.957,FILLED,18200.0,0.0,4.957,2021-11-01T09:31:00+08:00,2021-11-01T15:00:00+08:00,,
O-44,etf_regime_rotation_510300_510500_v1,backtest,510300.SH,SELL,LIMIT,18200.0,4.962,FILLED,18200.0,0.0,4.962,2021-11-02T09:31:00+08:00,2021-11-02T15:00:00+08:00,,
O-45,etf_regime_rotation_510300_510500_v1,backtest,510300.SH,BUY,LIMIT,18200.0,4.976,FILLED,18200.0,0.0,4.976,2021-11-12T09:31:00+08:00,2021-11-12T15:00:00+08:00,,
O-46,etf_regime_rotation_510300_510500_v1,backtest,510300.SH,SELL,LIMIT,18200.0,4.91,FILLED,18200.0,0.0,4.91,2021-11-19T09:31:00+08:00,2021-11-19T15:00:00+08:00,,
O-47,etf_regime_rotation_510300_510500_v1,backtest,510500.SH,BUY,LIMIT,11100.0,8.08,FILLED,11100.0,0.0,8.08,2021-11-22T09:31:00+08:00,2021-11-22T15:00:00+08:00,,
O-48,etf_regime_rotation_510300_510500_v1,backtest,510500.SH,SELL,LIMIT,11100.0,8.193,FILLED,11100.0,0.0,8.193,2021-12-10T09:31:00+08:00,2021-12-10T15:00:00+08:00,,
O-49,etf_regime_rotation_510300_510500_v1,backtest,510300.SH,BUY,LIMIT,17500.0,5.137,FILLED,17500.0,0.0,5.137,2021-12-14T09:31:00+08:00,2021-12-14T15:00:00+08:00,,
O-50,etf_regime_rotation_510300_510500_v1,backtest,510300.SH,SELL,LIMIT,17500.0,4.953,FILLED,17500.0,0.0,4.953,2021-12-21T09:31:00+08:00,2021-12-21T15:00:00+08:00,,
O-51,etf_regime_rotation_510300_510500_v1,backtest,510500.SH,BUY,LIMIT,10700.0,8.206,FILLED,10700.0,0.0,8.206,2021-12-23T09:31:00+08:00,2021-12-23T15:00:00+08:00,,
O-52,etf_regime_rotation_510300_510500_v1,backtest,510500.SH,SELL,LIMIT,10700.0,8.177,FILLED,10700.0,0.0,8.177,2021-12-28T09:31:00+08:00,2021-12-28T15:00:00+08:00,,
O-53,etf_regime_rotation_510300_510500_v1,backtest,510300.SH,BUY,LIMIT,17700.0,4.96,FILLED,17700.0,0.0,4.96,2021-12-30T09:31:00+08:00,2021-12-30T15:00:00+08:00,,
O-54,etf_regime_rotation_510300_510500_v1,backtest,510300.SH,SELL,LIMIT,17700.0,4.979,FILLED,17700.0,0.0,4.979,2022-01-05T09:31:00+08:00,2022-01-05T15:00:00+08:00,,
O-55,etf_regime_rotation_510300_510500_v1,backtest,510500.SH,BUY,LIMIT,10800.0,8.115,FILLED,10800.0,0.0,8.115,2022-01-07T09:31:00+08:00,2022-01-07T15:00:00+08:00,,
O-56,etf_regime_rotation_510300_510500_v1,backtest,510500.SH,SELL,LIMIT,10800.0,8.055,FILLED,10800.0,0.0,8.055,2022-01-10T09:31:00+08:00,2022-01-10T15:00:00+08:00,,
O-57,etf_regime_rotation_510300_510500_v1,backtest,510500.SH,BUY,LIMIT,10800.0,8.085,FILLED,10800.0,0.0,8.085,2022-01-13T09:31:00+08:00,2022-01-13T15:00:00+08:00,,
O-58,etf_regime_rotation_510300_510500_v1,backtest,510500.SH,SELL,LIMIT,10800.0,7.95,FILLED,10800.0,0.0,7.95,2022-01-14T09:31:00+08:00,2022-01-14T15:00:00+08:00,,
O-59,etf_regime_rotation_510300_510500_v1,backtest,510500.SH,BUY,LIMIT,12600.0,6.788,FILLED,12600.0,0.0,6.788,2022-06-02T09:31:00+08:00,2022-06-02T15:00:00+08:00,,
O-60,etf_regime_rotation_510300_510500_v1,backtest,510500.SH,SELL,LIMIT,12600.0,7.015,FILLED,12600.0,0.0,7.015,2022-06-23T09:31:00+08:00,2022-06-23T15:00:00+08:00,,
O-61,etf_regime_rotation_510300_510500_v1,backtest,510300.SH,BUY,LIMIT,20000.0,4.429,FILLED,20000.0,0.0,4.429,2022-06-27T09:31:00+08:00,2022-06-27T15:00:00+08:00,,
O-62,etf_regime_rotation_510300_510500_v1,backtest,510300.SH,SELL,LIMIT,20000.0,4.337,FILLED,20000.0,0.0,4.337,2022-07-19T09:31:00+08:00,2022-07-19T15:00:00+08:00,,
O-63,etf_regime_rotation_510300_510500_v1,backtest,510500.SH,BUY,LIMIT,11800.0,7.316,FILLED,11800.0,0.0,7.316,2022-07-21T09:31:00+08:00,2022-07-21T15:00:00+08:00,,
O-64,etf_regime_rotation_510300_510500_v1,backtest,510500.SH,SELL,LIMIT,11800.0,7.055,FILLED,11800.0,0.0,7.055,2022-08-04T09:31:00+08:00,2022-08-04T15:00:00+08:00,,
O-65,etf_regime_rotation_510300_510500_v1,backtest,510500.SH,BUY,LIMIT,12000.0,7.047,FILLED,12000.0,0.0,7.047,2022-08-05T09:31:00+08:00,2022-08-05T15:00:00+08:00,,
O-66,etf_regime_rotation_510300_510500_v1,backtest,510500.SH,SELL,LIMIT,12000.0,7.196,FILLED,12000.0,0.0,7.196,2022-08-25T09:31:00+08:00,2022-08-25T15:00:00+08:00,,
O-67,etf_regime_rotation_510300_510500_v1,backtest,510500.SH,BUY,LIMIT,11800.0,7.228,FILLED,11800.0,0.0,7.228,2022-08-26T09:31:00+08:00,2022-08-26T15:00:00+08:00,,
O-68,etf_regime_rotation_510300_510500_v1,backtest,510500.SH,SELL,LIMIT,11800.0,6.3,FILLED,11800.0,0.0,6.3,2022-08-30T09:31:00+08:00,2022-08-30T15:00:00+08:00,,
O-69,etf_regime_rotation_510300_510500_v1,backtest,510500.SH,BUY,LIMIT,12500.0,6.154,FILLED,12500.0,0.0,6.154,2022-11-07T09:31:00+08:00,2022-11-07T15:00:00+08:00,,
O-70,etf_regime_rotation_510300_510500_v1,backtest,510500.SH,SELL,LIMIT,12500.0,6.169,FILLED,12500.0,0.0,6.169,2022-11-30T09:31:00+08:00,2022-11-30T15:00:00+08:00,,
O-71,etf_regime_rotation_510300_510500_v1,backtest,510300.SH,BUY,LIMIT,19500.0,3.955,FILLED,19500.0,0.0,3.955,2022-12-02T09:31:00+08:00,2022-12-02T15:00:00+08:00,,
O-72,etf_regime_rotation_510300_510500_v1,backtest,510300.SH,SELL,LIMIT,19500.0,4.103,FILLED,19500.0,0.0,4.103,2023-02-06T09:31:00+08:00,2023-02-06T15:00:00+08:00,,
O-73,etf_regime_rotation_510300_510500_v1,backtest,510500.SH,BUY,LIMIT,12500.0,6.336,FILLED,12500.0,0.0,6.336,2023-02-08T09:31:00+08:00,2023-02-08T15:00:00+08:00,,
O-74,etf_regime_rotation_510300_510500_v1,backtest,510500.SH,SELL,LIMIT,12500.0,6.202,FILLED,12500.0,0.0,6.202,2023-03-17T09:31:00+08:00,2023-03-17T15:00:00+08:00,,
O-75,etf_regime_rotation_510300_510500_v1,backtest,510500.SH,BUY,LIMIT,12600.0,6.21,FILLED,12600.0,0.0,6.21,2023-03-20T09:31:00+08:00,2023-03-20T15:00:00+08:00,,
O-76,etf_regime_rotation_510300_510500_v1,backtest,510500.SH,SELL,LIMIT,12600.0,6.199,FILLED,12600.0,0.0,6.199,2023-03-21T09:31:00+08:00,2023-03-21T15:00:00+08:00,,
O-77,etf_regime_rotation_510300_510500_v1,backtest,510500.SH,BUY,LIMIT,12400.0,6.255,FILLED,12400.0,0.0,6.255,2023-03-22T09:31:00+08:00,2023-03-22T15:00:00+08:00,,
O-78,etf_regime_rotation_510300_510500_v1,backtest,510500.SH,SELL,LIMIT,12400.0,6.455,FILLED,12400.0,0.0,6.455,2023-04-19T09:31:00+08:00,2023-04-19T15:00:00+08:00,,
O-79,etf_regime_rotation_510300_510500_v1,backtest,510300.SH,BUY,LIMIT,19400.0,4.103,FILLED,19400.0,0.0,4.103,2023-04-21T09:31:00+08:00,2023-04-21T15:00:00+08:00,,
O-80,etf_regime_rotation_510300_510500_v1,backtest,510300.SH,SELL,LIMIT,19400.0,4.029,FILLED,19400.0,0.0,4.029,2023-04-24T09:31:00+08:00,2023-04-24T15:00:00+08:00,,
O-81,etf_regime_rotation_510300_510500_v1,backtest,510300.SH,BUY,LIMIT,19400.0,4.059,FILLED,19400.0,0.0,4.059,2023-05-09T09:31:00+08:00,2023-05-09T15:00:00+08:00,,
O-82,etf_regime_rotation_510300_510500_v1,backtest,510300.SH,SELL,LIMIT,19400.0,4.017,FILLED,19400.0,0.0,4.017,2023-05-10T09:31:00+08:00,2023-05-10T15:00:00+08:00,,
O-83,etf_regime_rotation_510300_510500_v1,backtest,510300.SH,BUY,LIMIT,19600.0,3.979,FILLED,19600.0,0.0,3.979,2023-06-19T09:31:00+08:00,2023-06-19T15:00:00+08:00,,
O-84,etf_regime_rotation_510300_510500_v1,backtest,510300.SH,SELL,LIMIT,19600.0,3.941,FILLED,19600.0,0.0,3.941,2023-06-20T09:31:00+08:00,2023-06-20T15:00:00+08:00,,
O-85,etf_regime_rotation_510300_510500_v1,backtest,510300.SH,BUY,LIMIT,19500.0,3.96,FILLED,19500.0,0.0,3.96,2023-07-14T09:31:00+08:00,2023-07-14T15:00:00+08:00,,
O-86,etf_regime_rotation_510300_510500_v1,backtest,510300.SH,SELL,LIMIT,19500.0,3.925,FILLED,19500.0,0.0,3.925,2023-07-18T09:31:00+08:00,2023-07-18T15:00:00+08:00,,
O-87,etf_regime_rotation_510300_510500_v1,backtest,510300.SH,BUY,LIMIT,19300.0,3.98,FILLED,19300.0,0.0,3.98,2023-07-26T09:31:00+08:00,2023-07-26T15:00:00+08:00,,
O-88,etf_regime_rotation_510300_510500_v1,backtest,510300.SH,SELL,LIMIT,19300.0,3.902,FILLED,19300.0,0.0,3.902,2023-08-16T09:31:00+08:00,2023-08-16T15:00:00+08:00,,
O-89,etf_regime_rotation_510300_510500_v1,backtest,510300.SH,BUY,LIMIT,19300.0,3.91,FILLED,19300.0,0.0,3.91,2023-09-05T09:31:00+08:00,2023-09-05T15:00:00+08:00,,
O-90,etf_regime_rotation_510300_510500_v1,backtest,510300.SH,SELL,LIMIT,19300.0,3.88,FILLED,19300.0,0.0,3.88,2023-09-06T09:31:00+08:00,2023-09-06T15:00:00+08:00,,
O-91,etf_regime_rotation_510300_510500_v1,backtest,510500.SH,BUY,LIMIT,13000.0,5.752,FILLED,13000.0,0.0,5.752,2023-11-16T09:31:00+08:00,2023-11-16T15:00:00+08:00,,
O-92,etf_regime_rotation_510300_510500_v1,backtest,510500.SH,SELL,LIMIT,13000.0,5.689,FILLED,13000.0,0.0,5.689,2023-11-17T09:31:00+08:00,2023-11-17T15:00:00+08:00,,
O-93,etf_regime_rotation_510300_510500_v1,backtest,510500.SH,BUY,LIMIT,12900.0,5.769,FILLED,12900.0,0.0,5.769,2023-11-21T09:31:00+08:00,2023-11-21T15:00:00+08:00,,
O-94,etf_regime_rotation_510300_510500_v1,backtest,510500.SH,SELL,LIMIT,12900.0,5.661,FILLED,12900.0,0.0,5.661,2023-11-23T09:31:00+08:00,2023-11-23T15:00:00+08:00,,
O-95,etf_regime_rotation_510300_510500_v1,backtest,510300.SH,BUY,LIMIT,21600.0,3.383,FILLED,21600.0,0.0,3.383,2024-02-20T09:31:00+08:00,2024-02-20T15:00:00+08:00,,
O-96,etf_regime_rotation_510300_510500_v1,backtest,510300.SH,SELL,LIMIT,21600.0,3.487,FILLED,21600.0,0.0,3.487,2024-02-28T09:31:00+08:00,2024-02-28T15:00:00+08:00,,
O-97,etf_regime_rotation_510300_510500_v1,backtest,510500.SH,BUY,LIMIT,13800.0,5.423,FILLED,13800.0,0.0,5.423,2024-03-01T09:31:00+08:00,2024-03-01T15:00:00+08:00,,
O-98,etf_regime_rotation_510300_510500_v1,backtest,510500.SH,SELL,LIMIT,13800.0,5.488,FILLED,13800.0,0.0,5.488,2024-03-14T09:31:00+08:00,2024-03-14T15:00:00+08:00,,
O-99,etf_regime_rotation_510300_510500_v1,backtest,510300.SH,BUY,LIMIT,21200.0,3.561,FILLED,21200.0,0.0,3.561,2024-03-18T09:31:00+08:00,2024-03-18T15:00:00+08:00,,
O-100,etf_regime_rotation_510300_510500_v1,backtest,510300.SH,SELL,LIMIT,21200.0,3.58,FILLED,21200.0,0.0,3.58,2024-03-21T09:31:00+08:00,2024-03-21T15:00:00+08:00,,
O-101,etf_regime_rotation_510300_510500_v1,backtest,510500.SH,BUY,LIMIT,13900.0,5.459,FILLED,13900.0,0.0,5.459,2024-03-25T09:31:00+08:00,2024-03-25T15:00:00+08:00,,
O-102,etf_regime_rotation_510300_510500_v1,backtest,510500.SH,SELL,LIMIT,13900.0,5.239,FILLED,13900.0,0.0,5.239,2024-03-28T09:31:00+08:00,2024-03-28T15:00:00+08:00,,
O-103,etf_regime_rotation_510300_510500_v1,backtest,510300.SH,BUY,LIMIT,20800.0,3.54,FILLED,20800.0,0.0,3.54,2024-04-01T09:31:00+08:00,2024-04-01T15:00:00+08:00,,
O-104,etf_regime_rotation_510300_510500_v1,backtest,510300.SH,SELL,LIMIT,20800.0,3.524,FILLED,20800.0,0.0,3.524,2024-04-26T09:31:00+08:00,2024-04-26T15:00:00+08:00,,
O-105,etf_regime_rotation_510300_510500_v1,backtest,510500.SH,BUY,LIMIT,13100.0,5.565,FILLED,13100.0,0.0,5.565,2024-04-30T09:31:00+08:00,2024-04-30T15:00:00+08:00,,
O-106,etf_regime_rotation_510300_510500_v1,backtest,510500.SH,SELL,LIMIT,13100.0,5.588,FILLED,13100.0,0.0,5.588,2024-05-15T09:31:00+08:00,2024-05-15T15:00:00+08:00,,
O-107,etf_regime_rotation_510300_510500_v1,backtest,510300.SH,BUY,LIMIT,20200.0,3.635,FILLED,20200.0,0.0,3.635,2024-05-17T09:31:00+08:00,2024-05-17T15:00:00+08:00,,
O-108,etf_regime_rotation_510300_510500_v1,backtest,510300.SH,SELL,LIMIT,20200.0,3.567,FILLED,20200.0,0.0,3.567,2024-06-11T09:31:00+08:00,2024-06-11T15:00:00+08:00,,
O-109,etf_regime_rotation_510300_510500_v1,backtest,510300.SH,BUY,LIMIT,20200.0,3.565,FILLED,20200.0,0.0,3.565,2024-07-19T09:31:00+08:00,2024-07-19T15:00:00+08:00,,
O-110,etf_regime_rotation_510300_510500_v1,backtest,510300.SH,SELL,LIMIT,20200.0,3.495,FILLED,20200.0,0.0,3.495,2024-07-24T09:31:00+08:00,2024-07-24T15:00:00+08:00,,
O-111,etf_regime_rotation_510300_510500_v1,backtest,510500.SH,BUY,LIMIT,14900.0,4.85,FILLED,14900.0,0.0,4.85,2024-09-25T09:31:00+08:00,2024-09-25T15:00:00+08:00,,
O-112,etf_regime_rotation_510300_510500_v1,backtest,510500.SH,SELL,LIMIT,14900.0,5.57,FILLED,14900.0,0.0,5.57,2024-10-14T09:31:00+08:00,2024-10-14T15:00:00+08:00,,
O-113,etf_regime_rotation_510300_510500_v1,backtest,510300.SH,BUY,LIMIT,20300.0,3.891,FILLED,20300.0,0.0,3.891,2024-10-16T09:31:00+08:00,2024-10-16T15:00:00+08:00,,
O-114,etf_regime_rotation_510300_510500_v1,backtest,510300.SH,SELL,LIMIT,20300.0,4.002,FILLED,20300.0,0.0,4.002,2024-10-22T09:31:00+08:00,2024-10-22T15:00:00+08:00,,
O-115,etf_regime_rotation_510300_510500_v1,backtest,510500.SH,BUY,LIMIT,13800.0,5.838,FILLED,13800.0,0.0,5.838,2024-10-24T09:31:00+08:00,2024-10-24T15:00:00+08:00,,
O-116,etf_regime_rotation_510300_510500_v1,backtest,510500.SH,SELL,LIMIT,13800.0,5.782,FILLED,13800.0,0.0,5.782,2024-11-27T09:31:00+08:00,2024-11-27T15:00:00+08:00,,
O-117,etf_regime_rotation_510300_510500_v1,backtest,510300.SH,BUY,LIMIT,20400.0,3.96,FILLED,20400.0,0.0,3.96,2024-11-29T09:31:00+08:00,2024-11-29T15:00:00+08:00,,
O-118,etf_regime_rotation_510300_510500_v1,backtest,510300.SH,SELL,LIMIT,20400.0,4.092,FILLED,20400.0,0.0,4.092,2024-12-13T09:31:00+08:00,2024-12-13T15:00:00+08:00,,
O-119,etf_regime_rotation_510300_510500_v1,backtest,510500.SH,BUY,LIMIT,13800.0,6.001,FILLED,13800.0,0.0,6.001,2024-12-17T09:31:00+08:00,2024-12-17T15:00:00+08:00,,
O-120,etf_regime_rotation_510300_510500_v1,backtest,510500.SH,SELL,LIMIT,13800.0,5.916,FILLED,13800.0,0.0,5.916,2024-12-24T09:31:00+08:00,2024-12-24T15:00:00+08:00,,
O-121,etf_regime_rotation_510300_510500_v1,backtest,510300.SH,BUY,LIMIT,20100.0,4.072,FILLED,20100.0,0.0,4.072,2024-12-26T09:31:00+08:00,2024-12-26T15:00:00+08:00,,
O-122,etf_regime_rotation_510300_510500_v1,backtest,510300.SH,SELL,LIMIT,20100.0,4.02,FILLED,20100.0,0.0,4.02,2025-01-02T09:31:00+08:00,2025-01-02T15:00:00+08:00,,
O-123,etf_regime_rotation_510300_510500_v1,backtest,510500.SH,BUY,LIMIT,13900.0,5.843,FILLED,13900.0,0.0,5.843,2025-02-10T09:31:00+08:00,2025-02-10T15:00:00+08:00,,
O-124,etf_regime_rotation_510300_510500_v1,backtest,510500.SH,SELL,LIMIT,13900.0,5.933,FILLED,13900.0,0.0,5.933,2025-03-26T09:31:00+08:00,2025-03-26T15:00:00+08:00,,
O-125,etf_regime_rotation_510300_510500_v1,backtest,510300.SH,BUY,LIMIT,20400.0,4.027,FILLED,20400.0,0.0,4.027,2025-03-28T09:31:00+08:00,2025-03-28T15:00:00+08:00,,
O-126,etf_regime_rotation_510300_510500_v1,backtest,510300.SH,SELL,LIMIT,20400.0,3.983,FILLED,20400.0,0.0,3.983,2025-04-02T09:31:00+08:00,2025-04-02T15:00:00+08:00,,
O-127,etf_regime_rotation_510300_510500_v1,backtest,510500.SH,BUY,LIMIT,13900.0,5.62,FILLED,13900.0,0.0,5.62,2025-04-07T09:31:00+08:00,2025-04-07T15:00:00+08:00,,
O-128,etf_regime_rotation_510300_510500_v1,backtest,510500.SH,SELL,LIMIT,13900.0,5.312,FILLED,13900.0,0.0,5.312,2025-04-08T09:31:00+08:00,2025-04-08T15:00:00+08:00,,
O-129,etf_regime_rotation_510300_510500_v1,backtest,510300.SH,BUY,LIMIT,19500.0,4.011,FILLED,19500.0,0.0,4.011,2025-05-13T09:31:00+08:00,2025-05-13T15:00:00+08:00,,
O-130,etf_regime_rotation_510300_510500_v1,backtest,510300.SH,SELL,LIMIT,19500.0,3.947,FILLED,19500.0,0.0,3.947,2025-05-28T09:31:00+08:00,2025-05-28T15:00:00+08:00,,
O-131,etf_regime_rotation_510300_510500_v1,backtest,510300.SH,BUY,LIMIT,19400.0,3.959,FILLED,19400.0,0.0,3.959,2025-05-30T09:31:00+08:00,2025-05-30T15:00:00+08:00,,
O-132,etf_regime_rotation_510300_510500_v1,backtest,510300.SH,SELL,LIMIT,19400.0,3.998,FILLED,19400.0,0.0,3.998,2025-06-12T09:31:00+08:00,2025-06-12T15:00:00+08:00,,
O-133,etf_regime_rotation_510300_510500_v1,backtest,510500.SH,BUY,LIMIT,13400.0,5.755,FILLED,13400.0,0.0,5.755,2025-06-16T09:31:00+08:00,2025-06-16T15:00:00+08:00,,
O-134,etf_regime_rotation_510300_510500_v1,backtest,510500.SH,SELL,LIMIT,13400.0,5.668,FILLED,13400.0,0.0,5.668,2025-06-23T09:31:00+08:00,2025-06-23T15:00:00+08:00,,
O-135,etf_regime_rotation_510300_510500_v1,backtest,510300.SH,BUY,LIMIT,19400.0,3.939,FILLED,19400.0,0.0,3.939,2025-06-25T09:31:00+08:00,2025-06-25T15:00:00+08:00,,
O-136,etf_regime_rotation_510300_510500_v1,backtest,510300.SH,SELL,LIMIT,19400.0,3.98,FILLED,19400.0,0.0,3.98,2025-07-01T09:31:00+08:00,2025-07-01T15:00:00+08:00,,
O-137,etf_regime_rotation_510300_510500_v1,backtest,510500.SH,BUY,LIMIT,12900.0,5.947,FILLED,12900.0,0.0,5.947,2025-07-03T09:31:00+08:00,2025-07-03T15:00:00+08:00,,
O-138,etf_regime_rotation_510300_510500_v1,backtest,510500.SH,SELL,LIMIT,12900.0,7.174,FILLED,12900.0,0.0,7.174,2025-10-20T09:31:00+08:00,2025-10-20T15:00:00+08:00,,
O-139,etf_regime_rotation_510300_510500_v1,backtest,510300.SH,BUY,LIMIT,19000.0,4.69,FILLED,19000.0,0.0,4.69,2025-10-22T09:31:00+08:00,2025-10-22T15:00:00+08:00,,
O-140,etf_regime_rotation_510300_510500_v1,backtest,510300.SH,SELL,LIMIT,19000.0,4.579,FILLED,19000.0,0.0,4.579,2025-11-24T09:31:00+08:00,2025-11-24T15:00:00+08:00,,
O-141,etf_regime_rotation_510300_510500_v1,backtest,510300.SH,BUY,LIMIT,18700.0,4.686,FILLED,18700.0,0.0,4.686,2025-12-02T09:31:00+08:00,2025-12-02T15:00:00+08:00,,
O-142,etf_regime_rotation_510300_510500_v1,backtest,510300.SH,SELL,LIMIT,18700.0,4.665,FILLED,18700.0,0.0,4.665,2025-12-03T09:31:00+08:00,2025-12-03T15:00:00+08:00,,
O-143,etf_regime_rotation_510300_510500_v1,backtest,510300.SH,BUY,LIMIT,18600.0,4.711,FILLED,18600.0,0.0,4.711,2025-12-08T09:31:00+08:00,2025-12-08T15:00:00+08:00,,
O-144,etf_regime_rotation_510300_510500_v1,backtest,510300.SH,SELL,LIMIT,18600.0,4.678,FILLED,18600.0,0.0,4.678,2025-12-12T09:31:00+08:00,2025-12-12T15:00:00+08:00,,
O-145,etf_regime_rotation_510300_510500_v1,backtest,510500.SH,BUY,LIMIT,11800.0,7.364,FILLED,11800.0,0.0,7.364,2025-12-23T09:31:00+08:00,2025-12-23T15:00:00+08:00,,
O-146,etf_regime_rotation_510300_510500_v1,backtest,510500.SH,SELL,LIMIT,11800.0,8.241,FILLED,11800.0,0.0,8.241,2026-03-04T09:31:00+08:00,2026-03-04T15:00:00+08:00,,
O-147,etf_regime_rotation_510300_510500_v1,backtest,510300.SH,BUY,LIMIT,20500.0,4.64,FILLED,20500.0,0.0,4.64,2026-03-06T09:31:00+08:00,2026-03-06T15:00:00+08:00,,
O-148,etf_regime_rotation_510300_510500_v1,backtest,510300.SH,SELL,LIMIT,20500.0,4.672,FILLED,20500.0,0.0,4.672,2026-03-13T09:31:00+08:00,2026-03-13T15:00:00+08:00,,
O-149,etf_regime_rotation_510300_510500_v1,backtest,510500.SH,BUY,LIMIT,11600.0,8.265,FILLED,11600.0,0.0,8.265,2026-03-17T09:31:00+08:00,2026-03-17T15:00:00+08:00,,
O-150,etf_regime_rotation_510300_510500_v1,backtest,510500.SH,SELL,LIMIT,11600.0,8.11,FILLED,11600.0,0.0,8.11,2026-03-18T09:31:00+08:00,2026-03-18T15:00:00+08:00,,
O-151,etf_regime_rotation_510300_510500_v1,backtest,510500.SH,BUY,LIMIT,11500.0,8.04,FILLED,11500.0,0.0,8.04,2026-03-19T09:31:00+08:00,2026-03-19T15:00:00+08:00,,
O-152,etf_regime_rotation_510300_510500_v1,backtest,510500.SH,SELL,LIMIT,11500.0,7.96,FILLED,11500.0,0.0,7.96,2026-03-20T09:31:00+08:00,2026-03-20T15:00:00+08:00,,
O-153,etf_regime_rotation_510300_510500_v1,backtest,510300.SH,BUY,LIMIT,19800.0,4.732,FILLED,19800.0,0.0,4.732,2026-04-15T09:31:00+08:00,2026-04-15T15:00:00+08:00,,
O-154,etf_regime_rotation_510300_510500_v1,backtest,510300.SH,SELL,LIMIT,19800.0,4.764,FILLED,19800.0,0.0,4.764,2026-04-21T09:31:00+08:00,2026-04-21T15:00:00+08:00,,
O-155,etf_regime_rotation_510300_510500_v1,backtest,510500.SH,BUY,LIMIT,11100.0,8.46,FILLED,11100.0,0.0,8.46,2026-04-23T09:31:00+08:00,2026-04-23T15:00:00+08:00,,
O-156,etf_regime_rotation_510300_510500_v1,backtest,510500.SH,SELL,LIMIT,11100.0,8.434,FILLED,11100.0,0.0,8.434,2026-06-01T09:31:00+08:00,2026-06-01T15:00:00+08:00,,
O-157,etf_regime_rotation_510300_510500_v1,backtest,510300.SH,BUY,LIMIT,19000.0,4.938,FILLED,19000.0,0.0,4.938,2026-06-03T09:31:00+08:00,2026-06-03T15:00:00+08:00,,
O-158,etf_regime_rotation_510300_510500_v1,backtest,510300.SH,SELL,LIMIT,19000.0,4.764,FILLED,19000.0,0.0,4.764,2026-06-09T09:31:00+08:00,2026-06-09T15:00:00+08:00,,
O-159,etf_regime_rotation_510300_510500_v1,backtest,510300.SH,BUY,LIMIT,18800.0,4.79,FILLED,18800.0,0.0,4.79,2026-06-10T09:31:00+08:00,2026-06-10T15:00:00+08:00,,
O-160,etf_regime_rotation_510300_510500_v1,backtest,510300.SH,SELL,LIMIT,18800.0,4.929,FILLED,18800.0,0.0,4.929,2026-06-24T09:31:00+08:00,2026-06-24T15:00:00+08:00,,
O-161,etf_regime_rotation_510300_510500_v1,backtest,510500.SH,BUY,LIMIT,10200.0,9.006,FILLED,10200.0,0.0,9.006,2026-06-26T09:31:00+08:00,2026-06-26T15:00:00+08:00,,
